workerid,prolific_participant_id
926,5d59a9d909f4300001de0c3b
895,5c5421f1b7cf140001d327f8
924,5f40d6c251a8cd21d01b6f40
899,5c297af370d93a00012161a4
900,5f469d2a4e9da803c19594b0
947,5db6ec97d9b41d000b2464eb
823,5de2b59d8fde1c2eb47f92d8
893,5f1ed6274d3c1c0216c2b8d3
916,5f65f84d9bfdff0577722973
942,5f139e2aafd70a3b49e7ca23
896,5f5bf9c8033f643d2c34bad7
948,5cdc111d8738880001d23c6e
930,5eadc934201643479a185e59
923,5f2d82509a58b105acfb2420
883,5bf133466ccb4f00011c0d6e
919,5d69410edffd6c0017d687e8
925,5dbf57fdc07b5f3fa7d6a8b8
957,5f68bf39f5d6dd0228a7016d
918,5f4ba40ff958ee76c25955f8
901,5f4ac8a10aa4ce69aaf48896
912,5b46203aef90180001099394
915,5f577bcb1f047421745878b5
907,5e2191a2727e0446c780b2e3
902,5f74885e72e61503ce6e1b0b
928,5efc4644f6f5950008d892a2
920,5c1129084be31a00014802fb
892,5ef5acf4dfabbd01765c52d3
886,5f1e9d1e2c60658672c39278
931,5f555cfc020a36015dd15a36
